ID_IG,Time,Temperature,BET,Selectivity
1.1,8.0,700,360.76,12.55
1.02,4.0,800,411.86,20.0
0.99,8.0,800,274.11,25.0
0.99,4.0,900,239.54,55.0
1.06,8.0,900,160.86,75.0
1.04,4.0,1000,235.86,65.0
1.0,8.0,1000,169.0,42.5
0.98,4.0,1100,81.21,20.0
0.99,8.0,1100,68.13,10.0
1.04,2.0,850,425.0,80.0
1.0,2.0,850,740.0,75.0
0.49,1.0,900,790.0,31.4
0.92,1.0,800,350.0,84.0
0.9,1.0,800,280.0,52.0
1.01,1.0,800,271.0,30.0
0.98,1.0,900,220.0,65.0
1.07,2.0,750,300.0,15.0
0.99,2.0,750,100.0,75.0
1.12,2.0,850,410.0,5.0
1.07,0.5,1000,377.0,5.0
0.73,1.0,900,496.0,10.0
0.42,1.0,900,449.0,17.0
0.66,1.0,900,139.5,29.0
0.7,1.0,900,212.0,34.0
0.89,2.0,800,76.0,75.0
0.95,2.0,1000,71.0,90.0
0.95,2.0,1200,62.0,65.0
2.04,2.0,800,390.0,25.0
1.0,3.0,900,56.58,83.1
0.957,2.0,750,370.8,79.0
0.987,2.0,750,149.5,87.0
0.983,2.0,750,216.1,74.0
0.992,2.0,750,175.1,88.0
0.994,2.0,750,232.7,83.0
1.0,2.0,850,560.0,70.76
1.05,2.0,850,501.0,83.18
1.0,2.0,850,555.0,76.72
0.55,3.0,750,711.4,18.57
0.59,3.0,900,537.8,14.11
0.66,3.0,1050,408.7,14.11
